timestamp,close
2024-01-01,100.0
2024-01-02,100.90025061717314
2024-01-03,102.2299428919977
2024-01-04,101.6711989342803
2024-01-05,99.59262438341872
2024-01-06,100.27947795945231
2024-01-07,101.08596185762762
2024-01-08,99.96522700848652
2024-01-09,100.03633327441509
2024-01-10,97.93858473876429
2024-01-11,96.38616954646025
2024-01-12,99.84049578679327
2024-01-13,97.39224239650721
2024-01-14,98.88948964236202
2024-01-15,99.59467686595193
2024-01-16,98.69481265137196
2024-01-17,99.28204237043559
2024-01-18,98.29151614482704
2024-01-19,98.3060830911616
2024-01-20,99.96381137599792
2024-01-21,101.46374895923275
2024-01-22,102.14438946450606
2024-01-23,100.76532891470669
2024-01-24,98.21305285406343
2024-01-25,98.28189473863611
2024-01-26,98.80069823666159
2024-01-27,97.723788486523
2024-01-28,97.64413193514152
2024-01-29,97.45027288495874
2024-01-30,99.0493109762426
2024-01-31,100.07330515141255
2024-02-01,99.67602030402462
2024-02-02,100.27266710230067
2024-02-03,101.63617628109976
2024-02-04,99.74626532533719
2024-02-05,99.92296528300103
2024-02-06,100.18275192236197
2024-02-07,99.44924669698112
2024-02-08,99.31710274491084
2024-02-09,99.81572770841747
2024-02-10,100.464671384355
2024-02-11,99.6369345359994
2024-02-12,100.1956506504988
2024-02-13,97.98284419402323
2024-02-14,98.02554871711844
2024-02-15,95.41785702743906
2024-02-16,94.88963795635328
2024-02-17,96.10605909276306
2024-02-18,93.58533889460095
2024-02-19,93.83649369350864
2024-02-20,93.60463691768844
2024-02-21,93.68163571096326
2024-02-22,94.23583949130749
2024-02-23,93.63198622349897
2024-02-24,93.09479763617114
2024-02-25,93.73649662689056
2024-02-26,94.02435984682947
2024-02-27,92.3381478292317
2024-02-28,92.8790768743017
2024-02-29,91.61892343428833
2024-03-01,93.43461781636185
2024-03-02,92.83200155678009
2024-03-03,95.73965280734184
2024-03-04,96.26497040545689
2024-03-05,98.79679658276743
2024-03-06,97.51964264856117
2024-03-07,98.04072512684367
2024-03-08,104.20589038533811
2024-03-09,106.75179413110055
2024-03-10,107.44088797371974
2024-03-11,107.61290950296107
2024-03-12,106.0720794473278
2024-03-13,106.46703033270143
2024-03-14,108.29420817085105
2024-03-15,107.2282749386621
2024-03-16,105.70482334772578
2024-03-17,106.58771705311187
2024-03-18,105.08589154265947
2024-03-19,105.91690286931998
2024-03-20,105.1750920826417
2024-03-21,104.13411860015012
2024-03-22,103.03881033868008
2024-03-23,103.52647486017743
2024-03-24,102.49187802150682
2024-03-25,103.44037962573255
2024-03-26,101.58405184104505
2024-03-27,103.86573449733645
2024-03-28,105.26360315356582
2024-03-29,107.28073054343015
2024-03-30,104.32642293850544
2024-03-31,102.8983792266578
2024-04-01,102.0713190810691
2024-04-02,103.45393001421371
2024-04-03,102.93684029347543
2024-04-04,99.77118489798863
2024-04-05,100.69099542040986
2024-04-06,98.72394294685816
2024-04-07,98.72615279083195
2024-04-08,98.54108271785678
2024-04-09,98.30783073936924
2024-04-10,98.65068411807125
2024-04-11,100.43154114620381
2024-04-12,99.78679540808763
2024-04-13,99.80584728622233
2024-04-14,98.15843397551858
2024-04-15,95.0763161223192
2024-04-16,94.34815937832427
2024-04-17,94.4212392126743
2024-04-18,93.73400687049987
2024-04-19,95.02883983740007
2024-04-20,95.90576262025247
2024-04-21,94.86463701048064
2024-04-22,94.53069120437522
2024-04-23,96.7108374090064
2024-04-24,98.41372290094688
2024-04-25,99.10451705418797
2024-04-26,99.96497133810742
2024-04-27,100.08689647099324
2024-04-28,100.04621738717508
2024-04-29,98.7668914990994
2024-04-30,97.90172261754961
2024-05-01,95.2392944734769
2024-05-02,96.92449833139213
2024-05-03,97.90884174198092
2024-05-04,98.20095815290917
2024-05-05,98.65590563976188
2024-05-06,98.94829646678683
2024-05-07,101.432587439169
2024-05-08,101.9798170755628
2024-05-09,102.05672310500054
2024-05-10,99.8228604451783
2024-05-11,100.48327772104209
2024-05-12,102.70190452077155
2024-05-13,101.98409423378472
2024-05-14,101.6674246430583
2024-05-15,102.69611672842298
2024-05-16,100.41834778520713
2024-05-17,99.66290829349924
2024-05-18,100.52557095987041
2024-05-19,101.56071806602179
2024-05-20,97.82191780513404
2024-05-21,99.62065307416817
2024-05-22,96.8194374565614
2024-05-23,97.98374761167148
2024-05-24,98.43397941717944
2024-05-25,97.48968859424829
2024-05-26,95.78306263121011
2024-05-27,96.52237972237054
2024-05-28,97.48657350479802
2024-05-29,96.9912939931134
2024-05-30,96.1984552405094
2024-05-31,97.26425505634413
2024-06-01,97.20508492495281
2024-06-02,96.55742182480178
2024-06-03,96.42548726645816
2024-06-04,99.85188379620102
2024-06-05,101.14294258064412
2024-06-06,102.76804729519218
2024-06-07,104.09574074442423
2024-06-08,105.63184594193383
2024-06-09,105.97885095608144
2024-06-10,110.12890604842914
2024-06-11,111.2339426320477
2024-06-12,111.47575817266586
2024-06-13,109.51295135345532
2024-06-14,110.1406352270314
2024-06-15,109.41856802212541
2024-06-16,107.76742290639734
2024-06-17,107.06285090179296
2024-06-18,107.71861564518436
2024-06-19,107.82546735356078
2024-06-20,108.68752941354461
2024-06-21,109.94055909539527
2024-06-22,109.00702113596522
2024-06-23,109.25489793733698
2024-06-24,109.12038783625846
2024-06-25,110.4727370481481
2024-06-26,107.17227959119997
2024-06-27,107.50794344902886
2024-06-28,105.44420891186739
2024-06-29,103.67497177887952
2024-06-30,105.44770685692762
2024-07-01,104.48780282558819
2024-07-02,107.66006547651617
2024-07-03,104.75688845918897
2024-07-04,104.38330266765254
2024-07-05,105.46187211633415
2024-07-06,105.92040855878297
2024-07-07,105.680437450029
2024-07-08,106.3978587940297
2024-07-09,107.83317006461692
2024-07-10,109.88464645374516
2024-07-11,108.47334353484207
2024-07-12,110.62443055420061
2024-07-13,109.91390070740341
2024-07-14,108.12971280416276
2024-07-15,110.62624193892809
2024-07-16,114.41731058394248
2024-07-17,114.88269942822555
2024-07-18,118.12514269939658
2024-07-19,118.00240405010726
2024-07-20,117.66951948403258
2024-07-21,116.89181308655824
2024-07-22,116.50560139598697
2024-07-23,119.81743915506918
2024-07-24,120.85584175872205
2024-07-25,124.65089978499749
2024-07-26,125.39878888355796
2024-07-27,123.74144409840449
2024-07-28,122.418423717567
2024-07-29,122.77778737317601
2024-07-30,120.50323214232603
2024-07-31,120.81571156875455
2024-08-01,125.13630618556067
2024-08-02,124.76803348604881
2024-08-03,127.00987821140808
2024-08-04,126.04755705797962
2024-08-05,123.39372887392929
2024-08-06,121.51880520118675
2024-08-07,123.13640988353207
2024-08-08,123.72151419324605
2024-08-09,124.00878544737508
2024-08-10,122.10840882958499
2024-08-11,121.92039800152224
2024-08-12,121.08955310608381
2024-08-13,119.61609342248971
2024-08-14,120.2504659950549
2024-08-15,121.88333520553986
2024-08-16,125.2942645315645
2024-08-17,122.0434452230465
2024-08-18,121.40814308105148
2024-08-19,124.11588872718211
2024-08-20,123.3937986701293
2024-08-21,122.92443944601716
2024-08-22,122.94046193089378
2024-08-23,121.43500664530956
2024-08-24,120.08985394717014
2024-08-25,123.155106778272
2024-08-26,123.12331527164349
2024-08-27,123.82629917844038
2024-08-28,124.62130828870886
2024-08-29,124.11220468420296
2024-08-30,124.43265905761059
2024-08-31,125.08160734776303
2024-09-01,124.13557755231653
2024-09-02,123.31840709524384
2024-09-03,124.12032225362785
2024-09-04,123.0780304413402
2024-09-05,122.39268059445592
2024-09-06,121.78185741521587
2024-09-07,121.8196591591386
2024-09-08,123.07196419582864
2024-09-09,122.29472892899338
2024-09-10,122.80589729938958
2024-09-11,120.67093544638016
2024-09-12,121.04590140616546
2024-09-13,119.85287252070903
2024-09-14,116.61436296547606
2024-09-15,113.35065643412739
2024-09-16,111.13223270925062
2024-09-17,110.90214934278805
2024-09-18,109.98150768256754
2024-09-19,109.7342793979289
2024-09-20,108.31714239475643
2024-09-21,109.47078218264983
2024-09-22,113.19001361982858
2024-09-23,114.66411143528244
2024-09-24,114.79017625407228
2024-09-25,114.3824287229295
2024-09-26,111.51233056238276
2024-09-27,114.94297933897697
2024-09-28,114.7459805367509
2024-09-29,113.87968687446451
2024-09-30,115.92302457092417
2024-10-01,118.09259617075887
2024-10-02,120.20003664103876
2024-10-03,119.8461638320092
2024-10-04,118.45817158056335
2024-10-05,120.75106797158654
2024-10-06,121.53493677497417
2024-10-07,121.37564774644878
2024-10-08,119.16492722736854
2024-10-09,121.33274497634903
2024-10-10,123.42822788337511
2024-10-11,121.63378530666328
2024-10-12,121.26701058952032
2024-10-13,118.906288657846
2024-10-14,120.82914179569872
2024-10-15,120.38255638326558
2024-10-16,119.97505686684902
2024-10-17,119.8027299089141
2024-10-18,119.00938860681529
2024-10-19,118.15153915678333
2024-10-20,118.48360134442758
2024-10-21,121.02246650054167
2024-10-22,119.65468028762476
2024-10-23,119.5609391069829
2024-10-24,116.28502752532897
2024-10-25,117.92654652695883
2024-10-26,115.91994032986123
2024-10-27,114.40957654980078
2024-10-28,112.38973186459107
2024-10-29,111.06027572263544
2024-10-30,110.07612378336296
2024-10-31,109.75876075328148
2024-11-01,109.39024511886052
2024-11-02,111.8193732682422
2024-11-03,114.08340365126776
2024-11-04,116.86118851102644
2024-11-05,117.35567884615239
2024-11-06,118.50009566898768
2024-11-07,120.470386226269
2024-11-08,119.42256659680334
2024-11-09,118.21172198923216
2024-11-10,116.33580825274645
2024-11-11,118.6281162552925
2024-11-12,118.64143816862507
2024-11-13,116.91060830844684
2024-11-14,115.15932942718456
2024-11-15,113.4043177509096
2024-11-16,113.35924075133741
2024-11-17,116.0236875543935
2024-11-18,117.18939255156728
2024-11-19,117.18476513771462
2024-11-20,119.82215309516336
2024-11-21,119.81220409850665
2024-11-22,117.59769933034323
2024-11-23,117.61319065226012
2024-11-24,120.29122789109577
2024-11-25,121.11633023171204
2024-11-26,120.86347056337756
2024-11-27,122.99952223809925
2024-11-28,124.30671468387526
2024-11-29,125.13043570994704
2024-11-30,122.26347194526387
2024-12-01,125.93882403403454
2024-12-02,125.83962565887548
2024-12-03,126.08425144302183
2024-12-04,126.81174250117719
2024-12-05,128.9436136108942
2024-12-06,130.5067955343974
2024-12-07,129.79770101612522
2024-12-08,133.11833931531447
2024-12-09,132.4776107511696
2024-12-10,131.00437011834947
2024-12-11,127.15165144795698
2024-12-12,128.29159495564974
2024-12-13,127.40468555795978
2024-12-14,127.60294983294615
2024-12-15,129.2042146815282
2024-12-16,132.6777622881192
2024-12-17,129.79792159103317
2024-12-18,130.13941019195704
2024-12-19,131.12782732199761
2024-12-20,130.2225249232748
2024-12-21,131.9518778660478
2024-12-22,133.39981596077263
2024-12-23,133.32496467544
2024-12-24,135.09807127473266
2024-12-25,136.7724715387415
2024-12-26,134.6976358359546
2024-12-27,135.8248032275301
2024-12-28,136.13398902232416
2024-12-29,133.3660585105128
2024-12-30,136.17378793810366
2024-12-31,133.0242296868616
2025-01-01,135.44654257308844
2025-01-02,134.01404216585755
2025-01-03,136.18248029922998
2025-01-04,135.02173339155874
2025-01-05,136.8195547843582
2025-01-06,136.18871204246327
2025-01-07,134.63972478595844
2025-01-08,134.8113929450142
2025-01-09,130.30466781518044
2025-01-10,131.75661949569687
2025-01-11,135.67912774289385
2025-01-12,135.02305953410982
2025-01-13,136.77987932678613
2025-01-14,134.59402408451723
2025-01-15,134.76487286867825
2025-01-16,133.9845946811112
2025-01-17,132.0527189935609
2025-01-18,130.2843500682815
2025-01-19,130.25353615634512
2025-01-20,129.4997246062149
2025-01-21,130.58437127091986
2025-01-22,132.1958756383765
2025-01-23,130.87228164473527
2025-01-24,128.62742380276848
2025-01-25,131.70369492768882
2025-01-26,131.01307238998024
2025-01-27,130.85884865225856
2025-01-28,132.71101366031402
2025-01-29,135.39635787573357
2025-01-30,140.611796972956
2025-01-31,138.73203646724588
2025-02-01,139.37637507323814
2025-02-02,140.20607157050776
2025-02-03,138.23764099918995
2025-02-04,139.7572211062863
2025-02-05,140.23349813679337
2025-02-06,142.12263885922053
2025-02-07,145.28457560352282
2025-02-08,143.24958600671263
2025-02-09,140.66476264401408
2025-02-10,143.769191304747
2025-02-11,141.18529553778703
2025-02-12,138.58913296601773
2025-02-13,143.3759921753051
2025-02-14,139.8444353291154
2025-02-15,139.97695685538125
2025-02-16,141.01180058434437
2025-02-17,138.53646131206136
2025-02-18,139.17719096521347
2025-02-19,136.45385155988896
2025-02-20,136.26376848158998
2025-02-21,136.6562482681853
2025-02-22,138.81579726951082
2025-02-23,139.22850953336226
2025-02-24,138.0427267866572
2025-02-25,137.18641321237212
2025-02-26,134.52897543981229
2025-02-27,129.8828001833897
2025-02-28,130.62128312717772
2025-03-01,132.12643987019374
2025-03-02,130.98443568777432
2025-03-03,130.09435207532715
2025-03-04,131.56909300675127
2025-03-05,130.6899849937961
2025-03-06,128.02290600346734
2025-03-07,125.91144345112055
2025-03-08,128.580751713556
2025-03-09,129.40124317687744
2025-03-10,130.37408433179414
2025-03-11,129.33083792524505
2025-03-12,128.72334446987995
2025-03-13,129.08490771722518
2025-03-14,128.2202596160724
2025-03-15,129.17172419393066
2025-03-16,130.42265804310574
2025-03-17,129.49135499789037
2025-03-18,131.13013955410798
2025-03-19,133.64474806205413
2025-03-20,132.93502633117765
2025-03-21,132.79466891519428
2025-03-22,130.77827234995965
2025-03-23,131.05443321302144
2025-03-24,129.49442724555965
2025-03-25,131.43509711589806
2025-03-26,133.5638133314391
2025-03-27,133.68742501071958
2025-03-28,134.643848995926
2025-03-29,133.02996277817343
2025-03-30,134.80406974159607
2025-03-31,132.44793837786222
2025-04-01,128.809522130741
2025-04-02,129.03811089154152
2025-04-03,127.33249139109137
2025-04-04,125.04205626205932
2025-04-05,128.5252598843373
2025-04-06,130.92871583355742
2025-04-07,128.55487235954448
2025-04-08,131.74679309890325
2025-04-09,134.201593350983
2025-04-10,134.16570493445917
2025-04-11,134.39835303180413
2025-04-12,134.8169013777427
2025-04-13,136.64275780514527
2025-04-14,136.02248796452736
2025-04-15,138.15046962131163
2025-04-16,139.38133604661624
2025-04-17,139.77107054579545
2025-04-18,141.1737871079921
2025-04-19,143.4785642677141
2025-04-20,140.8684150018617
2025-04-21,146.32296790176912
2025-04-22,149.14768460625686
2025-04-23,151.67301435697064
2025-04-24,151.94176795573034
2025-04-25,152.86489700638634
2025-04-26,152.8082965991036
2025-04-27,152.17938502153797
2025-04-28,153.9109175967472
2025-04-29,155.48543049184283
2025-04-30,157.66881490855314
2025-05-01,155.48898206473038
2025-05-02,154.26089902476107
2025-05-03,149.7927451789174
2025-05-04,149.23621042271188
2025-05-05,149.98004296557247
2025-05-06,147.97380892403706
2025-05-07,146.01933445701013
2025-05-08,147.53709612109148
2025-05-09,148.04097137912007
2025-05-10,146.95274153604274
2025-05-11,146.85579535845312
2025-05-12,148.25817349776722
2025-05-13,145.98807057457933
2025-05-14,148.0706172168066
2025-05-15,149.12891093249047
2025-05-16,147.1048897209267
2025-05-17,145.83493940328898
2025-05-18,148.19999654525606
2025-05-19,150.10525207552777
2025-05-20,147.16698212863602
2025-05-21,146.09550843766456
2025-05-22,145.78943173680588
2025-05-23,146.60075522872282
2025-05-24,145.5607266895884
2025-05-25,148.33682359308747
2025-05-26,149.86914953926643
2025-05-27,151.23745318521287
2025-05-28,149.83847923402766
2025-05-29,146.24290372413543
2025-05-30,149.44804544824362
2025-05-31,149.3251187980607
2025-06-01,147.89021476430648
2025-06-02,147.57311653855248
2025-06-03,146.0516854560962
2025-06-04,142.26637525877487
2025-06-05,142.034856888964
2025-06-06,145.6357644555672
2025-06-07,147.80576711903504
2025-06-08,147.4291034396079
2025-06-09,149.90704993026634
2025-06-10,147.31390410565282
2025-06-11,150.7380873209637
2025-06-12,149.1601057656659
2025-06-13,150.57808943298218
2025-06-14,150.08001010382372
2025-06-15,150.18194637367867
2025-06-16,148.8624318134453
2025-06-17,150.2661931782986
2025-06-18,149.86862291993342
2025-06-19,151.94225543153559
2025-06-20,152.00404576218608
2025-06-21,152.52222308719303
2025-06-22,151.06383196612933
2025-06-23,151.90564856199077
2025-06-24,151.95401283383853
2025-06-25,150.47094638908302
2025-06-26,149.89686831797258
2025-06-27,150.296554212873
2025-06-28,149.68397199547013
2025-06-29,152.43058941307086
2025-06-30,155.74905459648528
2025-07-01,154.59108579006838
2025-07-02,158.91482110161874
2025-07-03,161.61988713443964
2025-07-04,155.75894283722562
2025-07-05,153.7696019779259
2025-07-06,152.54045618021894
2025-07-07,152.02436046242403
2025-07-08,150.93532496075468
2025-07-09,147.24632339932046
2025-07-10,147.31705684235808
2025-07-11,150.38991109710358
2025-07-12,150.1766204207514
2025-07-13,152.9910391602387
2025-07-14,152.1727350235502
2025-07-15,155.9141056168381
2025-07-16,153.2135106643886
2025-07-17,154.41365635607198
2025-07-18,153.16302456382024
2025-07-19,154.585927167644
2025-07-20,154.34381127727795
2025-07-21,153.53927581993975
2025-07-22,153.51819324955088
2025-07-23,153.8114416232413
2025-07-24,154.08710147050203
2025-07-25,152.3002659957515
2025-07-26,152.53177472093054
2025-07-27,152.836748036737
2025-07-28,150.2239512197629
2025-07-29,152.2970973098484
2025-07-30,152.02907200188332
2025-07-31,152.197686767122
2025-08-01,153.89718814857702
2025-08-02,157.4315661630233
2025-08-03,154.97137778185984
2025-08-04,151.65575109631763
2025-08-05,151.5561601678661
2025-08-06,155.80481302315894
2025-08-07,154.92467295411615
2025-08-08,154.1048756541579
2025-08-09,153.3019088211397
2025-08-10,153.58186291213738
2025-08-11,153.56038198023643
2025-08-12,153.0956656998667
2025-08-13,156.89504520995388
2025-08-14,154.28816812492465
2025-08-15,152.91463379488823
2025-08-16,152.32552672378054
2025-08-17,150.30316846597023
2025-08-18,147.75763503685815
2025-08-19,147.71356850621814
2025-08-20,144.1047597868067
2025-08-21,143.3660380993262
2025-08-22,145.3641392123128
2025-08-23,145.11647976544248
2025-08-24,146.6293489012676
2025-08-25,144.30901045400498
2025-08-26,144.18968311864305
2025-08-27,144.34738856405878
2025-08-28,146.2844747208149
2025-08-29,146.52239881504855
2025-08-30,145.70620892966937
2025-08-31,146.17123265872465
2025-09-01,147.5793144979266
2025-09-02,148.87018617091795
2025-09-03,142.97887614217987
2025-09-04,144.17293801639352
2025-09-05,144.30705879956616
2025-09-06,141.84629517971453
2025-09-07,142.6324264120316
2025-09-08,141.88419861932124
2025-09-09,143.35461973298695
2025-09-10,143.94182641718416
2025-09-11,144.15690430555756
2025-09-12,145.37244665302194
2025-09-13,147.00981458723243
2025-09-14,147.80811451696943
2025-09-15,147.11987557558982
2025-09-16,145.60133143164617
2025-09-17,154.40376501411774
2025-09-18,155.05195689198717
2025-09-19,156.55421288981674
2025-09-20,160.03409873878275
2025-09-21,163.7210986318124
2025-09-22,159.60427240868498
2025-09-23,158.36078806440935
2025-09-24,158.3890099925959
2025-09-25,159.62087659979292
2025-09-26,157.93278615106166
2025-09-27,157.61894580707548
2025-09-28,158.61746547198914
2025-09-29,156.2947834078455
2025-09-30,154.72216784730026
2025-10-01,155.62243181341668
2025-10-02,154.46114170949386
2025-10-03,154.93600642709026
2025-10-04,160.08307121628042
2025-10-05,160.23137440295358
2025-10-06,160.42891325027074
2025-10-07,164.0668436035177
2025-10-08,168.94206313606887
2025-10-09,168.96465027387708
2025-10-10,165.39535718039537
2025-10-11,162.8349138973745
2025-10-12,165.19392877742646
2025-10-13,166.24382540187645
2025-10-14,165.62608550413995
2025-10-15,168.26239262980016
2025-10-16,168.5594726119656
2025-10-17,171.7905258891633
2025-10-18,172.762730379854
2025-10-19,172.68005637425605
2025-10-20,172.0754706704787
2025-10-21,173.16406681817924
2025-10-22,174.25814778917623
2025-10-23,175.51258849685777
2025-10-24,177.9611116158709
2025-10-25,172.1892291148755
2025-10-26,169.5276463089777
2025-10-27,167.34059786334663
2025-10-28,172.21030041919227
2025-10-29,169.26617954440084
2025-10-30,168.51572478696178
2025-10-31,167.97896966589474
2025-11-01,167.83213015020513
2025-11-02,169.17481204342394
2025-11-03,165.121378605599
2025-11-04,166.4870227468065
2025-11-05,166.72465144163797
2025-11-06,168.71096621915282
2025-11-07,176.04246134737105
2025-11-08,174.3143374784802
2025-11-09,172.84767900628026
2025-11-10,180.3700216031323
2025-11-11,176.13536792595627
2025-11-12,174.44116352077273
2025-11-13,174.77598682005652
2025-11-14,173.77401049392793
2025-11-15,170.03210016816556
2025-11-16,165.03675198404574
2025-11-17,165.20044608631963
2025-11-18,160.51462877968382
2025-11-19,156.282697763318
2025-11-20,156.76032593953207
2025-11-21,160.7799175039155
2025-11-22,158.85770821666404
2025-11-23,163.26032252857792
2025-11-24,162.4293729049895
2025-11-25,164.86677557338373
2025-11-26,163.66303061995137
2025-11-27,167.64894224573328
2025-11-28,167.21838205434497
2025-11-29,164.32542060528706
2025-11-30,170.6835457507762
2025-12-01,170.09728350187996
2025-12-02,169.00444736590438
2025-12-03,171.84302734843644
2025-12-04,170.83912136608717
2025-12-05,168.7695780243379
2025-12-06,172.2975812436641
2025-12-07,173.37082159361785
2025-12-08,168.00799249880768
2025-12-09,172.88564791247165
2025-12-10,175.21810346639444
2025-12-11,172.25234142666403
2025-12-12,173.30197517044792
2025-12-13,174.16300611284495
2025-12-14,172.15770938241386
2025-12-15,170.5635608083133
2025-12-16,172.4289090488336
2025-12-17,174.6945628957977
2025-12-18,178.00101879489685
2025-12-19,182.48874758206773
2025-12-20,187.63487770975112
2025-12-21,188.14814258138398
2025-12-22,186.77140642177267
2025-12-23,182.7347716098968
2025-12-24,183.92797228548616
2025-12-25,179.15496534148204
2025-12-26,173.63567888255756
2025-12-27,175.30398311371243
2025-12-28,171.35976354479956
2025-12-29,170.8467918027487
2025-12-30,173.81658628642907
2025-12-31,174.1398564918338
2026-01-01,173.3750605623737
2026-01-02,171.54023888230554
2026-01-03,169.25062908515403
2026-01-04,172.85472995595717
2026-01-05,170.2285618976865
2026-01-06,169.90821882127742
2026-01-07,167.58015981765377
2026-01-08,168.37149806142284
2026-01-09,169.70648221529635
2026-01-10,171.36688817893017
2026-01-11,168.10090504834528
2026-01-12,169.04684798004988
2026-01-13,166.16629010770873
2026-01-14,170.03102132555605
2026-01-15,175.54291868988884
2026-01-16,172.50024726882236
2026-01-17,169.15120080911723
2026-01-18,169.63442948210354
2026-01-19,167.96972409246334
2026-01-20,165.9075018792774
2026-01-21,171.12671285676936
2026-01-22,170.48194834822803
2026-01-23,173.71864192329537
2026-01-24,175.6620225072246
2026-01-25,175.32401668689724
2026-01-26,172.05284173982014
2026-01-27,170.80972309591093
2026-01-28,172.95528360143058
2026-01-29,171.3922592195013
2026-01-30,168.33498470669895
2026-01-31,162.7236575038009
2026-02-01,165.76793285990595
2026-02-02,165.3766996385899
2026-02-03,163.99388377930492
2026-02-04,166.14342861078134
2026-02-05,165.64339008089587
2026-02-06,163.8165207211319
2026-02-07,164.26840693962617
2026-02-08,164.43417151743307
2026-02-09,166.96217193034914
2026-02-10,172.50406752832734
2026-02-11,172.83084918724916
2026-02-12,173.47810475415713
2026-02-13,173.32813639672386
2026-02-14,171.37118433721955
2026-02-15,169.78622068353525
2026-02-16,171.15512554849002
2026-02-17,171.36756262856136
2026-02-18,174.32414639112068
2026-02-19,177.1332456288993
2026-02-20,173.28450208637616
2026-02-21,171.30915253646262
2026-02-22,174.38624155606766
2026-02-23,175.15777495143786
2026-02-24,177.6090952374672
2026-02-25,178.3080456265982
2026-02-26,178.4954899003303
2026-02-27,178.39820439119333
2026-02-28,177.14396039670962
2026-03-01,180.93113485299503
2026-03-02,179.4896577626679
2026-03-03,179.1226801022052
2026-03-04,176.0730801697455
2026-03-05,177.340821119371
2026-03-06,172.21565959777624
2026-03-07,173.2177256660271
2026-03-08,176.3319269628807
2026-03-09,178.94305874879979
2026-03-10,180.32489812346253
2026-03-11,181.79380853565226
2026-03-12,185.9713648470653
2026-03-13,189.60777476073784
2026-03-14,186.97393566429818
2026-03-15,189.64907661076612
2026-03-16,190.84495550979184
2026-03-17,188.52226811111433
2026-03-18,185.62489787091386
2026-03-19,188.3711572464496
2026-03-20,182.36305929375956
2026-03-21,176.9079671994029
2026-03-22,178.9714297355886
2026-03-23,174.75902223051298
2026-03-24,173.47832600906534
2026-03-25,172.69809226147623
2026-03-26,172.84680103513244
2026-03-27,167.81121307926307
2026-03-28,166.32515885613697
2026-03-29,163.8409383325817
2026-03-30,163.7790525919373
2026-03-31,162.19062295775848
2026-04-01,162.03365568590186
2026-04-02,164.96609169124773
2026-04-03,166.9482778161525
2026-04-04,168.06023495230727
2026-04-05,167.72347038338296
2026-04-06,169.17325036666304
2026-04-07,166.51686136483102
2026-04-08,167.6199367949751
2026-04-09,168.15121013204683
2026-04-10,165.94436828799275
2026-04-11,165.98770108956666
2026-04-12,167.85855048377977
2026-04-13,169.22312099769323
2026-04-14,166.5005241188491
2026-04-15,169.14848574522821
2026-04-16,170.38716897180487
2026-04-17,168.58026116206204
2026-04-18,171.70054616372548
2026-04-19,175.71688690647534
2026-04-20,176.6714185738206
2026-04-21,177.06068209317667
2026-04-22,178.50417256275264
2026-04-23,172.97148895027854
2026-04-24,178.6360502672147
2026-04-25,175.36289032819474
2026-04-26,177.60823314767015
2026-04-27,176.17391160998164
2026-04-28,179.87445778829303
2026-04-29,175.9709981597783
2026-04-30,175.8463102167867
2026-05-01,173.93982998595843
2026-05-02,170.9683020015162
2026-05-03,169.47862665839625
2026-05-04,171.71784309037625
2026-05-05,174.2750709135006
2026-05-06,174.23666780494713
2026-05-07,173.82801622479238
2026-05-08,168.96867137836142
2026-05-09,166.44610288152663
2026-05-10,166.71415233985996
2026-05-11,170.36473541707866
2026-05-12,172.8742238189286
2026-05-13,175.43297584040596
2026-05-14,173.34463715369733
2026-05-15,172.94013759402168
2026-05-16,174.2153275013335
2026-05-17,174.2827641665671
2026-05-18,174.48487356619887
2026-05-19,170.25541053553243
2026-05-20,169.60689787507238
2026-05-21,164.1873007435666
2026-05-22,161.96826663668259
2026-05-23,165.99344308387472
2026-05-24,163.2853450639146
2026-05-25,165.3464066082482
2026-05-26,166.88214507303013
2026-05-27,164.95430507176965
2026-05-28,167.9827222948705
2026-05-29,167.45696393145204
2026-05-30,171.82467496040695
2026-05-31,174.7369882736519
2026-06-01,178.80340787664056
2026-06-02,176.33382421160982
2026-06-03,183.00997048700728
2026-06-04,183.4603475030997
2026-06-05,183.63902514334987
2026-06-06,188.30998244241903
2026-06-07,187.96370711956968
2026-06-08,189.77604104306792
2026-06-09,195.1474814652608
2026-06-10,196.44049395136744
2026-06-11,193.8226077122658
2026-06-12,190.60996289513363
2026-06-13,190.68040335780125
2026-06-14,186.08925558415606
2026-06-15,186.14685945731583
2026-06-16,187.34803907748548
2026-06-17,186.9742110427976
2026-06-18,192.32485841171172
2026-06-19,191.99924205486187
2026-06-20,194.29995227023704
2026-06-21,195.69719588364336
2026-06-22,194.77211359685393
2026-06-23,192.05314382834501
2026-06-24,190.37290050758662
2026-06-25,189.5591306750259
2026-06-26,181.5238576070329
2026-06-27,181.5033015783228
2026-06-28,181.82529302428662
2026-06-29,181.7072746448735
2026-06-30,176.45446799378018
2026-07-01,171.88181212470192
2026-07-02,166.80018131093948
2026-07-03,169.74780644666407
2026-07-04,167.4854406032626
2026-07-05,171.65453374659864
2026-07-06,170.72780419748827
2026-07-07,168.30762616058743
2026-07-08,166.64580935439565
2026-07-09,165.2340789864469
2026-07-10,167.19269189349706
2026-07-11,164.1143439663515
2026-07-12,165.27167840257266
2026-07-13,165.46695354608346
2026-07-14,171.1887862290284
2026-07-15,168.80719053820988
2026-07-16,169.99272736154487
2026-07-17,171.52806544876495
2026-07-18,170.7559317744247
2026-07-19,173.64505881678215
2026-07-20,161.64704287127333
2026-07-21,161.12852243467444
2026-07-22,163.36115616457957
2026-07-23,163.03232412411106
2026-07-24,165.2542461723975
2026-07-25,165.18744049142757
2026-07-26,167.4939687788334
2026-07-27,165.12469282256995
2026-07-28,165.6475756766757
2026-07-29,165.22362034514825
2026-07-30,162.61480865956813
2026-07-31,161.96941591613182
2026-08-01,160.37256696524
2026-08-02,159.29071458771506
2026-08-03,157.8221864517677
2026-08-04,156.80445746852743
2026-08-05,159.14439183467744
2026-08-06,164.85291472908568
2026-08-07,161.16658739610708
2026-08-08,160.63450738913392
2026-08-09,157.3183326231195
2026-08-10,156.19162865485129
2026-08-11,152.98103576508555
2026-08-12,154.45739764400682
2026-08-13,152.35051691860406
2026-08-14,150.62142278177438
2026-08-15,149.50477089597774
2026-08-16,147.50152000124314
2026-08-17,145.71414260919144
2026-08-18,145.4428624719059
2026-08-19,146.80767406151676
2026-08-20,150.50953537180436
2026-08-21,154.61343493576842
2026-08-22,152.61580750244295
2026-08-23,149.7540309638206
2026-08-24,148.62899925291558
2026-08-25,144.2094897062588
2026-08-26,141.82251131535457
2026-08-27,143.5782672452094
2026-08-28,141.3395978043676
2026-08-29,142.47799055062006
2026-08-30,147.48524782800732
2026-08-31,149.4043395334165
2026-09-01,148.7919868198022
2026-09-02,150.45108670693747
2026-09-03,153.62650541193358
2026-09-04,151.33162113429216
2026-09-05,153.33103516239814
2026-09-06,152.82513718756846
2026-09-07,154.37619610655815
2026-09-08,155.5289907871602
2026-09-09,153.95472981318858
2026-09-10,157.030234074047
2026-09-11,159.1924108125659
2026-09-12,157.01863915676793
2026-09-13,152.61524969261814
2026-09-14,152.9040947662384
2026-09-15,156.3949152571859
2026-09-16,157.223672319112
2026-09-17,152.98807722179092
2026-09-18,155.21155863925557
2026-09-19,156.52380025693702
2026-09-20,156.0214183343988
2026-09-21,156.77172437834952
2026-09-22,160.59597820255976
2026-09-23,160.85657481897664
2026-09-24,160.70267130069288
2026-09-25,160.76448423035131
2026-09-26,167.92175478419648
2026-09-27,168.91560940700748
2026-09-28,173.0737743652076
2026-09-29,172.1179987754759
2026-09-30,171.55909363509483
2026-10-01,171.58887438446172
2026-10-02,167.67950916989957
2026-10-03,170.6410776052358
2026-10-04,169.14172917522518
2026-10-05,169.8972049588367
2026-10-06,172.7484209491816
2026-10-07,174.74223790000073
2026-10-08,169.22123143966544
2026-10-09,170.99178473519166
2026-10-10,173.3865195507583
2026-10-11,173.40089869713503
2026-10-12,172.41958065152335
2026-10-13,169.119800079143
2026-10-14,162.9884237850462
2026-10-15,163.14238469437703
2026-10-16,165.21192313619764
2026-10-17,164.99520064941768
2026-10-18,166.22541229204595
2026-10-19,165.6727163703797
2026-10-20,165.22545138771537
2026-10-21,159.51258057324748
2026-10-22,161.65020406109534
2026-10-23,162.40059834906674
2026-10-24,161.93952097025254
2026-10-25,166.93578664581213
2026-10-26,172.16934627844677
2026-10-27,169.37609330074616
2026-10-28,169.416336948218
2026-10-29,175.28227853028227
2026-10-30,175.4105697317793
2026-10-31,175.03452758531034
2026-11-01,172.04535454247767
2026-11-02,171.0388926347203
2026-11-03,172.32792883140996
2026-11-04,172.96176087946833
2026-11-05,169.17092024064004
2026-11-06,166.69776690387184
2026-11-07,164.08777838257015
2026-11-08,165.9202901056007
2026-11-09,165.8445750490261
2026-11-10,165.6180486510813
2026-11-11,167.55828013971802
2026-11-12,172.1315886431808
2026-11-13,172.08883143177022
2026-11-14,171.30798404717348
2026-11-15,171.41681657881566
2026-11-16,172.95833917721149
2026-11-17,171.8503736235004
2026-11-18,174.13882299154477
2026-11-19,174.9841171957602
2026-11-20,178.8634418814584
2026-11-21,175.7574484123818
2026-11-22,179.64148192800445
2026-11-23,186.4679426019955
2026-11-24,184.40015905186613
2026-11-25,183.06917561395326
2026-11-26,181.32840788823563
2026-11-27,180.35713926577142
2026-11-28,181.39723469878783
2026-11-29,178.1308522259041
2026-11-30,178.69344821465776
2026-12-01,180.6841431569327
2026-12-02,175.31510047773102
2026-12-03,174.92157456492004
2026-12-04,175.70981304471255
2026-12-05,168.6091393245255
2026-12-06,170.64174519860114
2026-12-07,175.04275043122797
2026-12-08,176.3664037581831
2026-12-09,173.56676197611318
2026-12-10,173.96832848634165
2026-12-11,176.44545025821503
2026-12-12,175.50554364902644
2026-12-13,176.6018554992663
2026-12-14,174.5256072012542
2026-12-15,170.79717257436286
2026-12-16,171.16522874961302
2026-12-17,167.32951851761135
2026-12-18,164.31887213241617
2026-12-19,167.13559280562978
2026-12-20,168.06200598543126
2026-12-21,164.1533151848465
2026-12-22,165.0066230901613
2026-12-23,161.9193765798429
2026-12-24,164.61262709722098
2026-12-25,166.41230311753722
2026-12-26,168.42430432706703
2026-12-27,168.7978174809951
2026-12-28,168.77381795351218
2026-12-29,168.78015052123376
2026-12-30,162.85069573838635
2026-12-31,161.83812309517805
2027-01-01,158.25610988007867
2027-01-02,159.26571835008798
2027-01-03,159.43712140177394
2027-01-04,161.3753264564879
2027-01-05,155.21154850938893
2027-01-06,157.31610877211426
2027-01-07,160.16340500139202
2027-01-08,162.30357202777378
2027-01-09,161.35238183834142
2027-01-10,163.04218285539213
2027-01-11,162.92853103234796
2027-01-12,164.30288629014845
2027-01-13,160.8617702605033
2027-01-14,160.4333153959691
2027-01-15,160.38892690665998
2027-01-16,162.192109046939
2027-01-17,164.95527745729774
2027-01-18,165.82717361585296
2027-01-19,169.94271966947426
2027-01-20,168.224467292153
2027-01-21,169.45367346220877
2027-01-22,169.96095475214676
2027-01-23,168.89364244726116
2027-01-24,172.0951401634874
2027-01-25,178.89724491404823
2027-01-26,181.89561882343784
2027-01-27,177.95448810692955
2027-01-28,173.1005180065977
2027-01-29,171.12634469682132
2027-01-30,165.38934875810443
2027-01-31,164.57674118448222
2027-02-01,163.83360339744698
2027-02-02,165.80829530831372
2027-02-03,167.65908953446254
2027-02-04,170.6644623939274
2027-02-05,166.44756630245755
2027-02-06,165.63335147365848
2027-02-07,168.24592180172093
2027-02-08,169.8052810133636
2027-02-09,165.47159941399
2027-02-10,164.06640400740335
2027-02-11,162.3353573044754
2027-02-12,162.76080959749808
2027-02-13,165.42849224063247
2027-02-14,165.244023467923
2027-02-15,162.51582083478903
2027-02-16,163.5255863884049
2027-02-17,163.24084301950776
2027-02-18,162.52289308404224
2027-02-19,162.0444901901579
2027-02-20,159.86002848223146
2027-02-21,162.84699243575125
2027-02-22,160.48463078230887
2027-02-23,164.91203355602377
2027-02-24,159.39999175363874
2027-02-25,156.28145749983327
2027-02-26,152.0192684979139
2027-02-27,154.89385313436864
2027-02-28,148.5907955356008
2027-03-01,146.77037693006105
2027-03-02,144.76637758621095
2027-03-03,146.4148040426929
2027-03-04,145.41052630972058
2027-03-05,139.89566154785928
2027-03-06,138.03643901497438
2027-03-07,139.67944821572056
2027-03-08,139.9945767393509
2027-03-09,137.92973394123686
2027-03-10,135.86320046562108
2027-03-11,133.88210063382533
2027-03-12,132.43295286093084
2027-03-13,131.3936944768274
2027-03-14,132.90074704010945
2027-03-15,130.67547906970182
2027-03-16,131.52304209561532
2027-03-17,131.31306516269993
2027-03-18,129.6525219826385
2027-03-19,129.8740942318248
2027-03-20,129.09458945241005
2027-03-21,130.90595614897683
2027-03-22,129.91525587412846
2027-03-23,131.14196823589504
2027-03-24,133.60044929242153
2027-03-25,131.2292052775383
2027-03-26,134.48764594085097
2027-03-27,133.68251803751434
2027-03-28,132.19139901951067
2027-03-29,132.6952951618688
2027-03-30,133.9499426100135
2027-03-31,133.03921041904078
2027-04-01,133.71904248300228
2027-04-02,131.86556860545483
2027-04-03,129.3745045840624
2027-04-04,128.20400458243
2027-04-05,129.4445942897411
2027-04-06,132.27962135222984
2027-04-07,131.29750923717384
2027-04-08,132.07236104843787
2027-04-09,129.42719224577402
2027-04-10,130.2078672190619
2027-04-11,133.92382741453136
2027-04-12,137.03694438835558
2027-04-13,136.38279311361757
2027-04-14,135.52373669475998
2027-04-15,137.2659462991531
2027-04-16,139.23771552506344
2027-04-17,143.35466703777766
2027-04-18,141.7412840342818
2027-04-19,143.82871792469143
2027-04-20,144.73220527184893
2027-04-21,143.1469624507846
2027-04-22,143.56664343466883
2027-04-23,141.79471415613898
2027-04-24,142.55364993142314
2027-04-25,143.28125684667347
2027-04-26,144.8248917183466
2027-04-27,151.01980036434563
2027-04-28,148.586627403837
2027-04-29,148.85390187229058
2027-04-30,150.15582520559005
2027-05-01,152.74402870640913
2027-05-02,154.8535853881626
2027-05-03,152.6969335627065
2027-05-04,151.639262391319
2027-05-05,147.96635697482395
2027-05-06,147.60810473713582
2027-05-07,146.85872061827627
2027-05-08,149.10217714262757
2027-05-09,148.3960483112212
2027-05-10,147.01563839255266
2027-05-11,151.56905462021112
2027-05-12,153.86335079548684
2027-05-13,153.4299294046913
2027-05-14,156.57381043701994
2027-05-15,154.13894220812844
2027-05-16,154.2248978358551
2027-05-17,158.69492423767602
2027-05-18,158.92726378896052
2027-05-19,162.7809877961363
2027-05-20,156.9645798787166
2027-05-21,155.41133755868321
2027-05-22,156.10765573687164
2027-05-23,155.54934509867454
2027-05-24,157.07837887111418
2027-05-25,157.84772962139164
2027-05-26,159.5678733366718
2027-05-27,153.8598525905494
2027-05-28,153.98412159222065
2027-05-29,152.12000320059138
2027-05-30,150.85632451411828
2027-05-31,151.73325046895008
2027-06-01,149.5489016394962
2027-06-02,148.42244940569452
2027-06-03,144.99835432672708
2027-06-04,143.0339826545167
2027-06-05,140.07712605693018
2027-06-06,140.35354679766417
2027-06-07,144.50993819493272
2027-06-08,144.37468651946836
2027-06-09,144.09919483442002
2027-06-10,144.91473720433166
2027-06-11,148.35003094643733
2027-06-12,144.1429422551938
2027-06-13,144.9236897904208
2027-06-14,146.4723407128464
2027-06-15,144.13481754086118
2027-06-16,145.487558310958
2027-06-17,145.33494676172688
2027-06-18,143.02137960602636
2027-06-19,142.20841175915882
2027-06-20,146.33830698223446
2027-06-21,147.05986285473352
2027-06-22,147.87453367013686
2027-06-23,150.32281927284384
2027-06-24,149.36993494275697
2027-06-25,147.36180137224773
2027-06-26,145.15816180408453
2027-06-27,146.3139140715728
2027-06-28,145.27801997479054
2027-06-29,145.4715741707688
2027-06-30,147.3954683552847
2027-07-01,149.75864833653037
2027-07-02,149.57797915729978
2027-07-03,152.52929103056562
2027-07-04,151.12972454339447
2027-07-05,151.8804412120158
2027-07-06,152.72755175549534
2027-07-07,158.03852449670245
2027-07-08,160.62706027542123
2027-07-09,159.24495014196683
2027-07-10,160.6590049572238
2027-07-11,159.25004398620536
2027-07-12,154.8911029683264
2027-07-13,154.8078636744635
2027-07-14,159.15350244466094
2027-07-15,162.16562029363374
2027-07-16,160.42956130697328
2027-07-17,157.13464816625984
2027-07-18,156.7638796897022
2027-07-19,158.27898822430973
2027-07-20,156.49846223877583
2027-07-21,158.59096261513517
2027-07-22,157.0538799811645
2027-07-23,153.788138313996
2027-07-24,153.6744635926713
2027-07-25,152.5179703707667
2027-07-26,151.69574149663202
2027-07-27,151.33854758081418
2027-07-28,151.63475155265596
2027-07-29,152.36296529210313
2027-07-30,151.49311194627225
2027-07-31,150.2900348486055
2027-08-01,153.95757211087056
2027-08-02,153.78191786910452
2027-08-03,149.85591055052646
2027-08-04,148.88453297073607
2027-08-05,151.652988907621
2027-08-06,155.05375385041265
2027-08-07,157.53254875969066
2027-08-08,160.6173078776927
2027-08-09,158.4737744179333
2027-08-10,156.15789552803415
2027-08-11,157.4736278297228
2027-08-12,162.17784935507513
2027-08-13,158.73034673775095
2027-08-14,162.19358785181902
2027-08-15,159.1713088014021
2027-08-16,157.57111133884175
2027-08-17,161.0924216801975
2027-08-18,160.14896130859282
2027-08-19,160.92782200599763
2027-08-20,159.249981818567
2027-08-21,158.56975038436403
2027-08-22,162.5668387860004
2027-08-23,160.7537420179182
2027-08-24,163.47323342904784
2027-08-25,162.28423877718205
2027-08-26,163.51091158955583
2027-08-27,159.17954553818745
2027-08-28,159.74966067667782
2027-08-29,156.74003876498534
2027-08-30,159.11169375157726
2027-08-31,160.58900012169514
2027-09-01,160.83108955772707
2027-09-02,163.52328462063875
2027-09-03,164.09179670909853
2027-09-04,159.75866900097907
2027-09-05,161.31439229346006
2027-09-06,157.58983540427653
2027-09-07,158.42706305971365
2027-09-08,159.9526573726581
2027-09-09,162.3179066569933
2027-09-10,164.3143124966029
2027-09-11,164.07056177595672
2027-09-12,166.2651461236444
2027-09-13,166.4652244961451
2027-09-14,167.31653741571284
2027-09-15,164.76463015879858
2027-09-16,163.97652611827036
2027-09-17,166.30528254888526
2027-09-18,168.20574115148597
2027-09-19,169.5598340498968
2027-09-20,171.1886638270162
2027-09-21,168.4257237835903
2027-09-22,169.42812878666
2027-09-23,175.12812547128112
2027-09-24,176.1670848805153
2027-09-25,174.99244996705056
2027-09-26,176.51657756806992
2027-09-27,176.58115779477083
2027-09-28,181.26386777860822
2027-09-29,180.02731396758406
2027-09-30,182.41936425408818
2027-10-01,177.13585068916527
2027-10-02,181.04552689819505
2027-10-03,179.09599451341987
2027-10-04,178.45617174070554
2027-10-05,180.18929650822412
2027-10-06,178.24403010026174
2027-10-07,182.01473178062332
2027-10-08,184.6461547984373
2027-10-09,179.79407872616096
2027-10-10,178.37544145781055
2027-10-11,179.05581822423085
2027-10-12,178.2251202365401
2027-10-13,181.3270319431773
2027-10-14,173.5156007825402
2027-10-15,176.1424915322143
2027-10-16,177.0011293361863
2027-10-17,179.04182660171455
2027-10-18,175.61937579860665
2027-10-19,172.65864763573651
2027-10-20,174.31442615780702
2027-10-21,178.78166012442622
2027-10-22,180.70650597162575
2027-10-23,181.55179544212245
2027-10-24,182.00832129085896
2027-10-25,180.1808656664389
2027-10-26,176.43430718889786
2027-10-27,176.84453979895818
2027-10-28,174.52535282148588
2027-10-29,175.95916436564355
2027-10-30,177.90052571947723
2027-10-31,180.64760463045064
2027-11-01,182.22947139825067
2027-11-02,184.2118784347101
2027-11-03,189.94806470933975
2027-11-04,191.52720331605917
2027-11-05,189.0893740147421
2027-11-06,186.79061890106087
2027-11-07,190.45203983273916
2027-11-08,195.13982896488258
2027-11-09,192.1892680015481
2027-11-10,203.07228546565867
2027-11-11,205.3281977275763
2027-11-12,207.67995594788593
2027-11-13,213.94315768181008
2027-11-14,213.1516885263103
2027-11-15,217.85446564163573
2027-11-16,216.7542361615607
2027-11-17,219.66142223082758
2027-11-18,222.78300628521194
2027-11-19,228.03289825809335
2027-11-20,231.55795543278896
2027-11-21,229.54833103306248
2027-11-22,224.50891884697086
2027-11-23,228.89648214496543
2027-11-24,234.07310174331354
2027-11-25,235.60510089544474
2027-11-26,236.34187273205012
2027-11-27,235.04506494541113
2027-11-28,235.49595523725085
2027-11-29,236.7794108018642
2027-11-30,243.1287557162076
2027-12-01,240.3287646667548
2027-12-02,240.26647893102052
2027-12-03,238.71588548270637
2027-12-04,240.27248712728874
2027-12-05,231.88293804061618
2027-12-06,235.0805416579223
2027-12-07,242.21106458226743
2027-12-08,239.842206969255
2027-12-09,243.85573649643717
2027-12-10,243.7987396011619
2027-12-11,243.16119912156853
2027-12-12,241.71086566679472
2027-12-13,243.789757375069
2027-12-14,240.8170958627731
2027-12-15,241.95644792221705
2027-12-16,235.19475023444605
2027-12-17,235.63061704402136
2027-12-18,232.86550170053906
2027-12-19,231.81421501702823
2027-12-20,233.66614393342022
2027-12-21,240.14598942842338
2027-12-22,238.84135838176422
2027-12-23,238.74045407330152
2027-12-24,234.05943678052876
2027-12-25,236.20995952643275
2027-12-26,233.3689994070568
2027-12-27,235.29363713995141
2027-12-28,235.5779749585818
2027-12-29,236.14592198903406
2027-12-30,237.1111410638825
2027-12-31,239.45156547187386
2028-01-01,241.68366505909714
2028-01-02,236.46008238464563
2028-01-03,235.63917382223946
2028-01-04,236.73266012422692
2028-01-05,236.39065254201682
2028-01-06,233.51594255108532
2028-01-07,236.30045610592
2028-01-08,231.29317273638136
2028-01-09,227.15415198931734
2028-01-10,222.04678281442648
2028-01-11,218.84392439607765
2028-01-12,220.98142172128416
2028-01-13,220.51719147052765
2028-01-14,226.07008690628558
2028-01-15,222.53723849577483
2028-01-16,219.8407373310654
2028-01-17,214.8920562149286
2028-01-18,216.94643678174722
2028-01-19,219.39637476241026
2028-01-20,222.26497934688004
2028-01-21,220.47470185354095
2028-01-22,221.22993581774716
2028-01-23,219.87859334495195
2028-01-24,219.55869316881143
2028-01-25,217.67652717640942
2028-01-26,215.44951101300103
2028-01-27,215.62274654804946
2028-01-28,212.47768739069872
2028-01-29,209.01293539863218
2028-01-30,203.87267722237252
2028-01-31,202.8977649274395
2028-02-01,202.90404850891042
2028-02-02,202.51674408061993
2028-02-03,202.72830551160757
2028-02-04,198.86885963804977
2028-02-05,193.88455732355703
2028-02-06,194.15465853167348
2028-02-07,193.88269091703367
2028-02-08,195.46933714874447
2028-02-09,196.99713683915334
2028-02-10,196.29133399979196
2028-02-11,201.003046411499
2028-02-12,203.48596084791765
2028-02-13,209.99379516593544
2028-02-14,211.59487492126996
2028-02-15,215.20680590561938
2028-02-16,209.5611402694694
2028-02-17,209.84693348201915
2028-02-18,209.6637896847793
2028-02-19,212.93210762816213
2028-02-20,211.51218238342165
2028-02-21,212.92244174193226
2028-02-22,214.79960357438853
2028-02-23,219.3589183428198
2028-02-24,217.13797411101936
2028-02-25,215.82066496327954
2028-02-26,220.16976803343937
2028-02-27,229.67040477362718
2028-02-28,229.17500868832636
2028-02-29,222.55372162836454
2028-03-01,222.79530261368697
2028-03-02,223.27274534666896
2028-03-03,227.63359528499922
2028-03-04,226.88285461719155
2028-03-05,232.03145533783555
2028-03-06,239.96994150603382
2028-03-07,241.25879744078745
2028-03-08,240.0271383363986
2028-03-09,241.2385670749372
2028-03-10,235.43344268965996
2028-03-11,236.73657197997707
2028-03-12,234.38129719983195
2028-03-13,243.44933427057993
2028-03-14,247.58459651348818
2028-03-15,239.08858870006623
2028-03-16,240.6477594183323
2028-03-17,236.29907004270117
2028-03-18,234.67618735226446
2028-03-19,237.18577628695988
2028-03-20,239.90285940823364
2028-03-21,237.5577805853359
2028-03-22,240.69930090386808
2028-03-23,238.3493760132019
2028-03-24,238.20854303191072
2028-03-25,243.55263229393887
2028-03-26,240.98645120230992
2028-03-27,244.3083208986818
2028-03-28,241.10250944250447
2028-03-29,239.02800829962095
2028-03-30,239.64080009995087
2028-03-31,237.5838907211061
2028-04-01,228.49815731471892
2028-04-02,228.31773873401775
2028-04-03,229.80232334586594
2028-04-04,225.4708537225156
2028-04-05,224.91583056629025
2028-04-06,221.14625966436296
2028-04-07,220.1529810736777
2028-04-08,222.4886167903414
2028-04-09,220.56786793700115
2028-04-10,224.06592642463713
2028-04-11,228.2023888045016
2028-04-12,230.15154987967665
2028-04-13,228.94501110003583
2028-04-14,227.40657746940914
2028-04-15,224.33834921569525
2028-04-16,222.8650852539693
2028-04-17,220.09352125339163
2028-04-18,221.39358147732554
2028-04-19,222.0521901213493
2028-04-20,227.7613183702667
2028-04-21,228.52763786629336
2028-04-22,222.75561697829843
2028-04-23,223.3092226456366
2028-04-24,225.5444200836241
2028-04-25,225.49749556383517
2028-04-26,226.45278523164302
2028-04-27,225.05509645331188
2028-04-28,221.370892205081
2028-04-29,217.82649811194585
2028-04-30,220.9410376412794
2028-05-01,223.7310375866031
2028-05-02,226.2140940930455
2028-05-03,224.11191192828656
2028-05-04,222.3759757959246
2028-05-05,227.55444913757043
2028-05-06,223.76937684529491
2028-05-07,223.51621331226286
2028-05-08,229.48343455402204
2028-05-09,223.56893258768565
2028-05-10,222.7584998402508
2028-05-11,223.65222722349077
2028-05-12,221.93646992382747
2028-05-13,223.65914472803303
2028-05-14,223.02559335080707
2028-05-15,224.75785833339756
2028-05-16,225.49203549481578
2028-05-17,220.75625550959822
2028-05-18,222.1221445030894
2028-05-19,220.92355820636126
2028-05-20,224.67248319681826
2028-05-21,225.03794051890827
2028-05-22,228.80354976329858
2028-05-23,225.79791763480657
2028-05-24,222.04475893446386
2028-05-25,224.8016629032472
2028-05-26,223.2614921322371
2028-05-27,215.39871315199537
2028-05-28,218.15952935447623
2028-05-29,218.56378709978918
2028-05-30,214.2391771362113
2028-05-31,213.4228886214351
2028-06-01,212.954659509541
2028-06-02,215.30541803896483
2028-06-03,212.2149019663644
2028-06-04,214.72306305828752
2028-06-05,213.32005405003017
2028-06-06,213.4174893919387
2028-06-07,207.80493590060337
2028-06-08,208.53324431619677
2028-06-09,210.05584460846984
2028-06-10,209.75085647671773
2028-06-11,212.00512277338947
2028-06-12,207.97552598868626
2028-06-13,208.87015964513714
2028-06-14,212.47598078019305
2028-06-15,214.415147892573
2028-06-16,217.93005708112028
2028-06-17,221.17180916623832
2028-06-18,221.21466909685617
2028-06-19,224.5997456984589
2028-06-20,224.9621785637297
2028-06-21,224.18296226465583
2028-06-22,222.69979840544718
2028-06-23,227.98625479679612
2028-06-24,225.1009008281603
2028-06-25,226.61201689371782
2028-06-26,223.69501279116295
2028-06-27,220.62658303490673
2028-06-28,224.06927645628696
2028-06-29,223.5574501461246
2028-06-30,230.19418579495306
2028-07-01,236.96182972265314
2028-07-02,237.04937101393452
2028-07-03,231.99246118840736
2028-07-04,228.31728573763192
2028-07-05,224.69459991833264
2028-07-06,225.3062456979458
2028-07-07,226.2614663537609
2028-07-08,233.67984708816132
2028-07-09,231.22927797826486
2028-07-10,237.26970100636754
2028-07-11,239.91764235349294
2028-07-12,233.54761612458617
2028-07-13,236.2263481362371
2028-07-14,242.43719910717343
2028-07-15,242.591719697534
2028-07-16,240.05635375466073
2028-07-17,237.96240025334063
2028-07-18,238.01898052045763
2028-07-19,233.9009650595841
2028-07-20,233.72606573488196
2028-07-21,233.33071922578227
2028-07-22,235.53316988028624
2028-07-23,233.83244056281438
2028-07-24,237.41473402175467
2028-07-25,243.50019401569799
2028-07-26,243.48557733498663
2028-07-27,243.13231452782807
2028-07-28,247.07581293606674
2028-07-29,249.35014777501178
2028-07-30,250.83383080802682
2028-07-31,239.69433572845028
2028-08-01,240.0990457220624
2028-08-02,241.29810870512378
2028-08-03,239.74233391318768
2028-08-04,236.7954135359622
2028-08-05,236.7258804602185
2028-08-06,237.4287266091563
2028-08-07,235.84730111832474
2028-08-08,235.35812180965516
2028-08-09,235.67617123750998
2028-08-10,234.03371012344712
2028-08-11,233.65419439805828
2028-08-12,239.85082751931674
2028-08-13,242.89202406394585
2028-08-14,246.09893304843527
2028-08-15,243.92484645433706
2028-08-16,235.27824062128715
2028-08-17,234.0501018633786
2028-08-18,237.46122007563315
2028-08-19,237.19408225188837
2028-08-20,238.14856808217561
2028-08-21,237.8291173161819
2028-08-22,231.56115356247292
2028-08-23,233.55991152601868
2028-08-24,232.59690092372745
2028-08-25,234.33422842844448
2028-08-26,240.19374015989823
2028-08-27,241.92338776146943
2028-08-28,243.1737855612217
2028-08-29,241.81908757245552
2028-08-30,241.94833454340207
2028-08-31,246.5522862233725
2028-09-01,246.92408309552204
2028-09-02,250.98034887617825
2028-09-03,245.47828034538185
2028-09-04,246.79863166284304
2028-09-05,244.78155149244404
2028-09-06,245.42054779755415
2028-09-07,243.40841468851917
2028-09-08,248.00867337433186
2028-09-09,249.00266250632149
2028-09-10,243.53370859738212
2028-09-11,247.93658118842848
2028-09-12,246.44458645467756
2028-09-13,246.832345190582
2028-09-14,243.85520387088016
2028-09-15,243.17110025020736
2028-09-16,242.9793829836956
2028-09-17,245.89335034144608
2028-09-18,240.01206870791293
2028-09-19,237.12801545332067
2028-09-20,237.797373100653
2028-09-21,237.50915183385197
2028-09-22,240.24334667093092
2028-09-23,230.71979580248262
2028-09-24,230.09892830046277
2028-09-25,233.53272741419804
2028-09-26,238.73660354998606
2028-09-27,242.7087308031817
2028-09-28,242.96312811118347
2028-09-29,243.26852344032682
2028-09-30,245.71824621757986
2028-10-01,244.62173354012353
2028-10-02,244.92665507298523
2028-10-03,241.94849682775202
2028-10-04,243.5107805489044
2028-10-05,239.97955661702127
2028-10-06,240.79234840008831
2028-10-07,241.98666880540404
2028-10-08,246.14113103004573
2028-10-09,241.7781512279242
2028-10-10,243.2928779930927
2028-10-11,236.4819717719807
2028-10-12,231.5804182895396
2028-10-13,225.58411527456187
2028-10-14,222.47289503199934
2028-10-15,223.49233128247337
2028-10-16,219.29906395689736
2028-10-17,220.38567166978208
2028-10-18,221.66563199446855
2028-10-19,223.38834396127595
2028-10-20,225.24585660081928
2028-10-21,225.74199989690752
2028-10-22,232.4735022252797
2028-10-23,236.04815590198348
2028-10-24,231.00414693823643
2028-10-25,233.32575332192866
2028-10-26,234.697897265574
2028-10-27,231.9118740056074
2028-10-28,231.5682183320105
2028-10-29,229.85864805216337
2028-10-30,225.22938826354996
2028-10-31,226.09479206319662
2028-11-01,224.38789703027902
2028-11-02,227.10247542959542
2028-11-03,232.7435845346645
2028-11-04,234.34864411250442
2028-11-05,237.09537514912498
2028-11-06,237.96282461083135
2028-11-07,237.40260098579776
2028-11-08,237.20356048317868
2028-11-09,229.69010562716005
2028-11-10,231.54203870296183
2028-11-11,228.21203032007335
2028-11-12,229.7059682985002
2028-11-13,235.82849985839982
2028-11-14,238.7951054895797
2028-11-15,244.01769474560828
2028-11-16,243.384922056472
2028-11-17,246.51213481944217
2028-11-18,244.93739050674003
2028-11-19,245.80686942605516
2028-11-20,247.96305716510832
2028-11-21,243.20672238247627
2028-11-22,241.80564633927693
2028-11-23,236.84322016103863
2028-11-24,233.796829532825
2028-11-25,226.50188733109366
2028-11-26,229.21774291705782
2028-11-27,233.97218963293162
2028-11-28,234.0350698796419
2028-11-29,231.74104524619105
2028-11-30,233.2652382445259
2028-12-01,229.63973586847095
2028-12-02,233.5026058003541
2028-12-03,235.72746706669562
2028-12-04,231.5153475130416
2028-12-05,235.37988724219153
2028-12-06,235.6853193654131
2028-12-07,229.0815603057472
2028-12-08,226.46143122522872
2028-12-09,229.71629529951855
2028-12-10,226.86148180435572
2028-12-11,228.4098882185467
2028-12-12,227.21153727386508
2028-12-13,232.85969104189013
2028-12-14,234.26820627047772
2028-12-15,235.10837400520052
2028-12-16,234.8305279068311
2028-12-17,233.46433870792808
2028-12-18,229.84596180343166
2028-12-19,221.61343812617503
2028-12-20,222.80488131404746
2028-12-21,225.1213052995145
2028-12-22,224.38542587465315
2028-12-23,226.38021497451467
2028-12-24,224.35694044672036
2028-12-25,225.57679799729178
2028-12-26,221.48578599649375
2028-12-27,222.54371944508696
2028-12-28,226.1192953539583
2028-12-29,224.50319876134532
